id,label,layer,dominant_mnemonic,icon_design,detail_design,physics_idea,icon_labels,detail_labels,avoid,icon_caption,detail_caption
1.3,Principle of relativity,1,Identical laws in relatively moving inertial frames,"Simplify the detailed diagram to two identical S and S' coordinate frames plus one relative-velocity arrow v. Retain one matching internal straight test trace in each frame so the icon still says same experiment, same laws.","Design the detailed graphic first as two equal inertial laboratories S and S', each with the same x/y axes and the same simple internal experiment: a straight particle trace or identical ruler/tick marks. Put one clean relative-velocity arrow v between the laboratories. The two frames should look equally legitimate and equally detailed; only their relative motion differs.",The principle of relativity says the laws of physics have the same form in every inertial frame; uniform relative motion does not single out an absolute rest frame.,"S, S', x, y, v","S, S', x, y, v","Acceleration, forces, curved paths, engines, rockets, planets, clocks, or making one frame larger, richer, or more privileged than the other.",Two equal inertial frames and one relative-velocity arrow: the icon says neither frame is privileged.,"The same simple internal experiment appears in two uniformly moving inertial frames, emphasizing that the laws have the same form in both."
1.2,Constancy of the speed of light,1,Same circular light wavefront for all inertial observers,"Simplify the detailed diagram to one central source, three concentric blue wavefronts, and two radial rays labelled c. The invariant circular wavefront is the icon.","Design the detailed graphic as a central light flash with expanding circular wavefronts, plus two or three small peripheral inertial-frame markers sampling the wavefront in different directions. Each marker should point radially to the same wavefront with a small c label, making the invariant speed the lesson. The observer markers are secondary; the circular wavefront remains central.","The constancy of the speed of light says light in vacuum has the same speed c for all inertial observers, independent of source or observer motion.",c,c,"Material media, mirrors, prisms, lenses, stars, rockets, detailed people, or anything suggesting direction-dependent or observer-dependent light speed.",Concentric wavefronts and repeated c labels: light speed is the same in different directions.,A central flash emits circular wavefronts sampled by different inertial markers; each radial ray represents the same invariant speed c.
1.1,Inertial frames,1,Free particle moves in a straight line at constant velocity,"Simplify the detailed diagram to one x/y frame, a straight green particle track, equally spaced dots, and a velocity arrow v.",Design the detailed graphic as a coordinate frame containing a free particle shown at several equally spaced positions along one straight line. Add faint equal-time tick marks perpendicular to the track and a constant-velocity arrow v. The equal spacing and straightness are the teaching points: no force and no acceleration in an inertial frame.,An inertial frame is one in which a free particle moves with constant velocity unless acted on by forces.,"x, y, v","x, y, v","Gravitational fields, curved paths, circular motion, springs, engines, rockets, clocks, or force arrows.",A straight track with equal positions shows free motion at constant velocity.,The equal spacing along a straight line inside one coordinate frame indicates no force and no acceleration in an inertial frame.
2.2,Spacetime event,2,One occurrence specified by where and when,"Simplify the detailed diagram to x/ct axes, one red event P, and faint coordinate projections. Place P away from any 45-degree line so it does not look lightlike or special.","Design the detailed graphic as a spacetime coordinate diagram with one red event P at an arbitrary non-45-degree location. Add dashed projections to x and ct axes and small coordinate-corner markers to show that an event is specified by both where and when. Keep it as a single occurrence, not a worldline or process.",A spacetime event is one occurrence specified by both position and time; different observers may assign coordinates to the same event.,"x, ct, P","x, ct, P","Worldlines, light cones, multiple events, clocks, observers, equations, or placing P on a 45-degree light ray unless lightlike separation is the topic.",One red point marks a single spacetime event with x and ct coordinates.,The event P is a single occurrence; dashed projections show how one frame assigns position and time coordinates to it.
2.3,Principle of locality,2,Interactions use only nearby quantities at one event,"Simplify the detailed diagram to faint x/ct axes, a dashed local neighbourhood, a central red event, and several short arrows ending at that event.","Design the detailed graphic as a central event inside a small dashed neighbourhood, with short arrows from nearby field values or neighbouring events terminating at the central event. Add one faint unconnected distant dot outside the neighbourhood to show what is not allowed: instantaneous distant action. The active arrows must all be short and local.","The principle of locality says physical interactions at an event depend on quantities defined at that event or infinitesimally nearby, not on instantaneous distant action.","x, ct","x, ct","Instantaneous long-distance action, distant force arrows, planets, magnets, or particles acting across empty space.",Short arrows meet at one event inside a local neighbourhood.,"Only nearby quantities feed the central event, illustrating locality rather than instantaneous influence from distant points."
3.3,Lorentz transformations,3,Same event described by tilted coordinate frames,"Simplify the detailed diagram to black x/ct axes, blue tilted x'/ct' axes, and one red event P. Keep the tilted primed axes as the icon silhouette.","Design the detailed graphic as one spacetime diagram containing unprimed x/ct axes and tilted primed x'/ct' axes sharing the same origin. Place a red event P at a generic non-45-degree location. Add dashed projection lines from P to both coordinate systems, showing that the same event receives different coordinate descriptions. Add very faint light-cone guide lines through the origin only if they help show preserved structure without dominating.",Lorentz transformations do not move the physical event; they change the coordinate description between inertial frames while preserving spacetime structure.,"x, ct, x', ct', P","x, ct, x', ct', P","Letting light-cone guides dominate, full equations, clocks, observers, rockets, or placing P on a 45-degree light ray.",Tilted primed axes and unprimed axes describe the same event P.,Dashed projections show that Lorentz transformations change coordinate descriptions while leaving the event itself unchanged.
3.2,Spacetime interval,3,Invariant classification of separations,Simplify the detailed diagram to two red events A and B connected by one bold blue interval segment labelled s^2. Use a non-45-degree separation for the icon.,"Design the detailed graphic as a spacetime diagram with a central event O and three example separations: a timelike interval inside the light cone labelled s^2 > 0, a spacelike interval outside the light cone labelled s^2 < 0, and a lightlike interval on the cone labelled s^2 = 0. Use light-cone guide lines and make the three classifications visually distinct. The timelike/spacelike example points should be deliberately away from accidental 45-degree placement.","The spacetime interval is the invariant separation between events; its sign classifies timelike, spacelike, and lightlike relationships independent of coordinate description.","x, ct, A, B, s^2","x, ct, s^2 > 0, s^2 < 0, s^2 = 0","Making coordinate projection legs more prominent than the invariant separations, writing the full interval formula, or accidentally placing arbitrary event pairs on 45-degree light rays.",Two events joined by s^2 represent an invariant spacetime separation.,"Three separations from one event show the interval sign classes: timelike, spacelike, and lightlike."
3.1,Metric tensor,3,Metric as the spacetime measuring rule,"Simplify the detailed diagram to an eta tile applied to x/ct axes, with one blue time-like mark and one grey space-like mark.","Design the detailed graphic as an actual compact 4x4 diagonal Minkowski metric matrix labelled eta_mu_nu, with +1 in the time slot and -1 entries in the three spatial slots. Pair it with a small spacetime-axis inset showing a blue time-like component and grey space-like component being measured by the matrix. The matrix should be readable in the panel but reducible to the eta tile in the icon.",The metric tensor is the rule that turns coordinate components into invariant spacetime lengths and inner products. It distinguishes the time direction from space directions.,"ct, x, eta","eta_mu_nu, +1, -1, ct, x","A dense derivation, tensor-index clutter beyond the metric label, or anything that looks like an ordinary Euclidean ruler with all directions equivalent.",The eta tile and time/space marks indicate the metric as a measuring rule.,"The parenthesized Minkowski metric displays +1 for time and -1 for space, with a small axis inset showing what it measures."
3.4,Light cone,3,Causal boundary from one event,Simplify the detailed diagram to one central red event and four 45-degree blue light rays forming future and past cones on x/ct axes.,"Design the detailed graphic as a pure spacetime diagram with one central event, future and past light-cone boundaries, lightly shaded future/past causal regions, and clearly separate spacelike side regions. Add small labels such as future, past, or c only if they remain unobtrusive. This is the concept where 45-degree lines are intentional and should dominate.",The light cone divides spacetime into causally reachable and spacelike-separated regions.,"ct, x","ct, x, c, future, past","Extra worldlines, multiple arbitrary events, tilted coordinate frames, or visual clutter. This one should remain geometrically pure.",Four 45-degree rays form the causal light cone from one event.,The shaded cone separates future and past causal regions from spacelike regions; the c label marks the lightlike boundary.
3.5,Minkowski diagram,3,Spacetime plotting board with worldlines,"Simplify the detailed diagram to x/ct axes with three worldlines: black vertical rest line, green slanted massive-particle line, and one blue 45-degree light ray labelled c.","Design the detailed graphic as a working spacetime plot: x/ct axes, faint grid, a vertical rest worldline, a slanted sub-light massive-particle worldline, and one 45-degree light ray labelled c. Add arrowheads upward in time and a couple of event dots on the worldlines. Ensure the massive-particle line is visibly not at 45 degrees so it is not confused with light.","A Minkowski diagram is the visual tool for comparing events, worldlines, light propagation, and relative motion in spacetime.","x, ct, c","x, ct, c","Making it look like the light-cone graphic. Use one light ray, not the full cone; avoid placing massive-particle worldlines at 45 degrees.","A Minkowski plot combines a rest line, a massive-particle line, and a light ray.",The grid and event dots make this a working spacetime diagram for comparing worldlines and light propagation.
4.1,Proper time,4,Clock ticks accumulated along a worldline,Simplify the detailed diagram to one non-lightlike worldline from A to B with short tick marks along it and label tau. Keep coordinate-time projection out of the icon unless there is room.,"Design the detailed graphic as a spacetime diagram with two events A and B joined by a timelike worldline that is deliberately not at 45 degrees. Draw several small clock ticks along the worldline and a faint vertical coordinate-time projection on the ct axis, so the contrast is between elapsed proper time along the path and coordinate time in a chosen frame. If a second faint alternative path is included, keep it secondary and use it only to show path dependence of proper time.","Proper time is the invariant time measured by a clock travelling along a particular worldline between events. It belongs to the path, not to one observer's coordinate time alone.","A, B, tau","x, ct, A, B, tau, t","A free-floating clock face, making coordinate time look invariant, excessive competing paths, or placing the worldline at 45 degrees unless discussing light where proper time vanishes.",Ticks along a timelike worldline represent accumulated proper time tau.,The clock ticks belong to the path from A to B; the faint coordinate-time projection is a frame-dependent comparison.
4.2,Four-vectors,4,One spacetime object with four linked components,"Simplify the detailed diagram to one spacetime arrow A^mu and a compact four-slot component stack. The icon should read as one object, not four independent arrows.","Design the detailed graphic as a spacetime arrow A^mu drawn from an origin to a generic event-like point away from 45 degrees, with dashed time and space projections feeding into a grouped four-component column. Add a small invariant-length marker or metric tile nearby to show that the components belong to one Lorentz-transforming object with a shared invariant structure.",A four-vector is one geometric object whose components transform together under Lorentz transformations while preserving invariant inner products.,A^mu,"x, ct, A^mu, A^0, A^i","A dense component equation, ordinary 3D perspective, four unrelated arrows, or placing the example arrow accidentally on a lightlike 45-degree direction.",One spacetime arrow and a component column represent a single four-vector.,"The arrow is one Lorentz-transforming object, while the parenthesized entries indicate linked components, not separate vectors."
4.3,Position four-vector,4,Event position packaged as a four-vector from the origin,"Simplify the detailed diagram to x/ct axes, one red event P away from 45 degrees, and one blue arrow x^mu from the origin to P.","Design the detailed graphic as a spacetime coordinate diagram with an origin event O, an arbitrary event P at a non-45-degree location, and a bold arrow x^mu from O to P. Add dashed projections to ct and x axes and a small component stack (ct, x, y, z) to show the event coordinates packaged as one four-vector. The coordinate projections are explanatory; the origin-to-event vector is central.",The position four-vector packages the spacetime coordinates of one event into a four-vector; differences of such vectors determine intervals.,"x, ct, P, x^mu","O, P, x^mu, ct, x","Multiple events as the main focus, velocity or momentum arrows, full coordinate algebra, or placing P on a 45-degree light ray.",The position four-vector points from the origin event O to event P.,Dashed projections and the coordinate pair indicate that x^mu packages the event coordinates in the spacetime diagram.
4.4,Velocity four-vector,4,Tangent to a timelike worldline per unit proper time,"Simplify the detailed diagram to a curved timelike worldline, one red event, and a green tangent arrow u^mu at that event.",Design the detailed graphic as a timelike worldline in x/ct with two nearby tick marks labelled tau and tau + d tau. At the central event draw a bold tangent vector u^mu that points inside the light cone and is not at 45 degrees. Add a faint dx^mu displacement between neighbouring points to imply u^mu = dx^mu/dtau without making the equation dominate.,"The velocity four-vector is the derivative of position four-vector with respect to proper time, so it is naturally shown as a tangent to the worldline.",u^mu,"x, ct, u^mu, dx^mu, d tau","A horizontal ordinary velocity arrow, speedometer imagery, making acceleration curvature the main topic, or drawing the tangent as lightlike at 45 degrees for a massive particle.",A green tangent vector at a worldline event represents four-velocity.,Nearby proper-time ticks suggest u^mu = dx^mu/dtau: the four-velocity is tangent to a timelike worldline.
4.5,Momentum four-vector,4,Energy and momentum as one timelike four-vector,Simplify the detailed diagram to one bold p^mu arrow with a split badge showing E/c as the time component and p as the space component.,"Design the detailed graphic as a timelike four-vector p^mu in spacetime, paired with a compact component badge whose upper slot is E/c and lower spatial slot is bold p. Add a faint parallel u^mu arrow behind it and a small mass marker m to suggest p^mu = m u^mu for a massive particle. The p^mu arrow should sit inside the light cone rather than on a 45-degree light ray.","The momentum four-vector combines energy and three-momentum into one relativistic object, proportional to the velocity four-vector for a massive particle.","p^mu, E/c, p","p^mu, E/c, p, m, u^mu","A Newtonian-only momentum arrow, separate unrelated energy and momentum icons, a long equation, or drawing massive momentum as lightlike.",The four-momentum arrow combines energy and spatial momentum.,The component badge separates E/c and p while the faint u^mu cue recalls p^mu = m u^mu for a massive particle.
4.6,Mass-energy equivalence,4,Rest energy equals mass times c squared,"Simplify the detailed diagram to the iconic equation E=mc^2 in a bold equation tile, with rest energy as a secondary cue.","Design the detailed graphic as a large E=mc^2 equation tile connected to a compact invariant-norm relation p_mu p^mu = m^2 c^2 and a rest-frame note p=0. The equation should remain the visual center, with the derivation cue explaining that it comes from the four-momentum norm.",Mass-energy equivalence is the rest-frame consequence of the relativistic energy-momentum relation.,E=mc^2,"E=mc^2, p_mu p^mu = m^2 c^2, p=0","A generic explosion, nuclear imagery as the main motif, implying total energy is always just mc^2, or separating mass and energy as unrelated quantities.",The iconic equation marks rest energy as mass times c squared.,The invariant four-momentum norm reduces to E=mc^2 in the rest frame.
5.2,Action principle,5,Physical history selected by stationary action,"Simplify the detailed diagram to endpoints A and B, one bold blue stationary path labelled S, and two faint nearby varied paths.","Design the detailed graphic as fixed endpoints A and B with a family of nearby varied paths between them. The physical path is highlighted in blue and labelled stationary S, while grey neighbouring paths carry small variation arrows delta x toward it. Add a subtle flat-bottom or level contour cue near S to communicate stationary rather than shortest. The image should feel like variation of histories, not a maze.",The action principle says the physical path is the one for which the action is stationary under small variations with fixed endpoints.,"A, B, S","A, B, S, delta x","A maze, tangled spaghetti paths, force arrows, or any minimum-distance cue that erases the stationary-not-necessarily-shortest idea.",A highlighted path between fixed endpoints is compared with nearby variations.,"The blue path is selected by stationary action; nearby grey paths and delta x cues show variation, not shortest distance."
5.1,Lagrangian,5,Local dynamical rule accumulated into action,Simplify the detailed diagram to a short trajectory with one highlighted local tile L feeding into a larger action tile S.,"Design the detailed graphic as a path or field-history strip carrying several small local L tiles along it, each representing the Lagrangian evaluated locally. Use arrows from those tiles into an integral/action container S, optionally marked integral L dt, to show accumulation into the action. Keep it visually local-to-global and distinct from phase-space Hamiltonian pictures.",The Lagrangian is the local dynamical quantity whose integral over a path gives the action used in the variational principle.,"L, S","L, S, integral L dt","A full formula for L, Hamiltonian q/p axes, energy-conservation imagery, or making L look like a conserved quantity.",Local Lagrangian tiles accumulate into the action S.,"Repeated L values along a history feed the action, expressing S as the integral of a local dynamical rule."
5.3,Euler-Lagrange equations,5,Stationary variation becoming equations of motion,"Simplify the detailed diagram to a blue path, a nearby varied path with delta mark, and an arrow into an E-L equation tile.","Design the detailed graphic as a three-stage flow: fixed endpoints with varied paths, a central stationary-action condition delta S = 0, and a clean trajectory emerging from an Euler-Lagrange tile. The E-L tile can contain a compact label rather than the full differential equation. The viewer should read variation first, equation second, motion third.",Euler-Lagrange equations are the equations of motion obtained by requiring the action to be stationary under variations of the path or field.,"delta, E-L","A, B, delta S = 0, E-L","Writing the full differential equation as the main graphic, cluttered calculus notation, generic balance scales, or losing the fixed-endpoint variation idea.",A varied path leads to an Euler-Lagrange equation tile.,The graphic reads from fixed-endpoint variations through delta S = 0 to the equations of motion.
5.5,Hamiltonian formalism,5,Time evolution as flow through phase space,"Simplify the detailed diagram to q and p axes, one curved phase-space trajectory with arrowheads, and a compact H tile.","Design the detailed graphic as a phase-space portrait with q horizontal and p vertical, one or two Hamiltonian contour curves, and a green flow line with several arrowheads generated by H. Include a small H tile or contour label. Make the visual vocabulary clearly phase-space, not spacetime: no ct axis and no worldlines.","Hamiltonian formalism rewrites dynamics in terms of coordinates and canonical momenta, with the Hamiltonian generating flow through phase space.","q, p, H","q, p, H","Spacetime x/ct axes, Lagrangian path variations, Legendre-transform algebra, or a single particle track with no phase-space meaning.",A curve in q-p phase space is generated by H.,"Hamiltonian contours and arrowheads show time evolution as flow through phase space, not motion through spacetime."
5.4,Canonical momentum,5,Momentum paired with a coordinate through the Lagrangian,Simplify the detailed diagram to a q coordinate mark with its paired p arrow and a small L-to-p cue.,"Design the detailed graphic as a coordinate q on a configuration axis with velocity qdot indicated locally, an L tile that depends on qdot, and an arrow from L through a compact derivative tag dL/dqdot into the conjugate momentum p. Pair q and p visually as canonical partners while keeping p distinct from relativistic four-momentum.","Canonical momentum is the momentum conjugate to a coordinate, defined from how the Lagrangian depends on the corresponding velocity.","q, p","q, qdot, L, dL/dqdot, p","Relativistic four-momentum as the main image, a simple free-particle track, a full partial-derivative formula, or phase-space flow that belongs to Hamiltonian formalism.",The coordinate q is paired with a conjugate momentum p.,The Lagrangian and derivative tile show that canonical momentum is derived from the velocity dependence of L.
5.6,Noether's theorem,5,Continuous symmetry producing conserved quantity,Simplify the detailed diagram to a circular symmetry arrow around S pointing to a gold conserved Q badge.,"Design the detailed graphic as a continuous symmetry transformation acting on the action S, shown by a smooth circular or sliding arrow, with the transformed action still marked unchanged. From that unchanged-action badge draw a clear implication arrow to a locked conserved quantity Q. Optionally include one tiny example token such as time shift to energy, but only if it does not crowd the theorem graphic.","Noether's theorem links every continuous symmetry of the action to a conserved quantity, such as energy, momentum, or charge.","S, Q","S unchanged, Q conserved","A generic theorem scroll, too many examples, discrete-only symmetry imagery, or making conservation appear without the symmetry-to-action link.",A continuous symmetry of S points to a conserved Q.,"The unchanged action under a smooth transformation leads to a conserved quantity, the core Noether relation."
6.1,Scalar field,6,One value assigned to each spacetime point,Simplify the detailed diagram to an x/ct grid with several filled discs of varying size or colour labelled phi.,"Design the detailed graphic as a spacetime grid with field values phi(x) sampled at many events. Each sample is non-directional: use coloured discs, heights, or contour shading, varying smoothly across the grid. Include one highlighted event with its scalar value callout phi(x0). The absence of arrows is part of the lesson.",A scalar field assigns one observer-independent value to every spacetime event; it is a function over spacetime rather than a single particle coordinate.,phi,"x, ct, phi(x), phi(x0)","Vector arrows, flow lines, particle tracks, or any cue implying a direction at each point.",Different-sized discs show one scalar value at each spacetime point.,The samples represent a scalar function phi(x): values vary over spacetime but carry no direction.
6.2,Vector field,6,A vector attached to every spacetime point,Simplify the detailed diagram to an x/ct grid with several blue arrows anchored at grid points and labelled A_mu.,"Design the detailed graphic as a spacetime grid whose events each carry an anchored vector arrow A_mu(x). Let arrow directions and lengths vary smoothly across the grid, and show faint anchor dots underneath so the field reads as many local vectors, not one free vector. A small component stack at one event may clarify that each arrow has components.","A vector field assigns vector components to every spacetime event, transforming covariantly under Lorentz transformations.",A_mu,"x, ct, A_mu(x)","A single isolated four-vector, scalar dots only, fluid-flow imagery without spacetime anchors, or arrows detached from events.",Anchored arrows show a vector attached to each spacetime point.,"The varying arrows represent A_mu(x), a vector field with components defined locally at each event."
6.3,Field Lagrangian,6,Local density over spacetime accumulated into field action,Simplify the detailed diagram to a spacetime grid with one highlighted local cell L feeding into an action tile S.,"Design the detailed graphic as a spacetime region subdivided into small cells, several of which carry local density labels mathcal L. Use arrows from the cells into an integral/action container S with a compact d4x label, showing that field action is an integral over spacetime volume rather than over a particle path. Keep the grid/region central.",A field Lagrangian is a local density at spacetime points whose integral over spacetime gives the action for fields.,"L, S","mathcal L, S, d4x","Particle path action as the main motif, phase-space q/p axes, or a full field-theory formula.",Local L density cells over spacetime feed the field action S.,"The d^4x cue shows that field action integrates a Lagrangian density over spacetime volume, not along a particle path."
6.4,Field equations,6,Local differential rule propagating field values,"Simplify the detailed diagram to a spacetime grid, one central highlighted field value, neighbour arrows into it, and a compact field-eq tile.","Design the detailed graphic as a local stencil on a spacetime grid: neighbouring field values feed a central event through short arrows, then an equation tile produces the next layer of field values or a smooth wavefront. This should communicate local differential evolution. Use generic phi or field labels rather than Maxwell-specific E and B.","Field equations are local differential equations for fields, obtained by applying Euler-Lagrange variation to the field Lagrangian.",field eq,"x, ct, phi, field eq","One particle trajectory, Maxwell-specific notation as the main image, a long differential equation, or nonlocal arrows from distant points.",Neighbouring field values feed a local field-equation tile.,The stencil-like arrows show local differential evolution: nearby field values determine propagation through a field equation.
7.1,Vector potential \(A_\mu\),7,Potential field whose derivatives make electromagnetic field,Simplify the detailed diagram to a spacetime grid with several A_mu arrows and a small derivative arrow toward an F tile.,"Design the detailed graphic as a vector field A_mu(x) on a spacetime grid, with a highlighted local patch where neighbouring A arrows are compared by derivative/curl marks. Feed that local derivative operation into a compact F_mu_nu tile. The potential field remains visually primary; F is the constructed observable object.",The vector potential is a relativistic vector field defined at each event; the observable electromagnetic field is derived from its spacetime derivatives.,A_mu,"A_mu, partial A, F_mu_nu","Electric and magnetic fields as the main image, gauge-fixing selectors, scalar-potential-only imagery, or implying A_mu itself is directly unique and observable.",A vector-potential field feeds a derivative operation to produce F.,A local patch of A_mu values is differentiated to build the electromagnetic field tensor F_mu_nu.
7.2,Field tensor \(F_{\mu\nu}\),7,Antisymmetric tensor containing electric and magnetic fields,Simplify the detailed diagram to a bold antisymmetric F_mu_nu tile with opposite off-diagonal cells shaded and small E/B cues.,"Design the detailed graphic as a readable 4x4 antisymmetric matrix-like tile labelled F_mu_nu, with zero diagonal hinted, opposite off-diagonal signs paired, and coloured component groups mapping to E and B. Add small outgoing E arrows and B loop glyphs from the relevant matrix regions. The matrix should teach unification without becoming a dense component table.",The electromagnetic field tensor is an antisymmetric covariant object built from derivatives of A_mu and containing the electric and magnetic field components.,F_mu_nu,"F_mu_nu, E, B","Separate unrelated E and B pictures, a generic square grid with no antisymmetry cue, or a fully written component matrix too small to read.",An F tensor badge contains electric and magnetic component cues.,The antisymmetric matrix organizes E and B as components of the same relativistic field tensor.
7.3,Electric field,7,Radial force field on charges at rest,Simplify the detailed diagram to a positive charge with blue radial E arrows pointing outward.,"Design the detailed graphic as a positive source charge with radial electric field lines, plus a small positive test charge at rest and a force arrow aligned with the local E direction. If a negative source is hinted, keep it secondary. The key lesson is force per unit charge on a rest charge in the chosen frame.",The electric field is the component of the electromagnetic field that acts on charges at rest in a chosen inertial frame.,E,"E, q_test, F","Magnetic loops, moving-charge/current motifs, tensor notation as the main image, or field lines that swirl like B rather than radiating from charge.",Radial E arrows show the electric field of a positive charge.,A rest test charge experiences a force along the local electric field direction.
7.4,Magnetic field,7,Circulating field tied to moving charges and currents,Simplify the detailed diagram to a current arrow or moving charge with green circular B arrows around it.,Design the detailed graphic as a straight current or moving charge with concentric circular magnetic field arrows around the direction of motion. Add a small moving test charge with a sideways deflection arrow to show magnetic action depends on motion. Keep the source motion/current visually explicit so B is not mistaken for a static-charge radial field.,"The magnetic field is the spatial component of the electromagnetic field associated with moving charges and currents, frame-dependent together with E.",B,"B, v, F","Radial electric field lines, static charge-only pictures, making B independent of motion, or replacing the concept with a full tensor diagram.",Circular B arrows wrap around a moving charge or current.,"The source motion/current sets the magnetic field direction, and a moving test charge receives a sideways force."
7.5,Electromagnetic field,7,Unified relativistic field with E and B components,Simplify the detailed diagram to one central F_mu_nu badge with a blue E arrow and green B loop emerging from it.,"Design the detailed graphic as a single electromagnetic field tensor object F_mu_nu on a light spacetime grid, with E arrows and B loops shown as frame-dependent component projections of that one object. Include a subtle frame marker to imply E/B split depends on observer, while F remains the unified field.",The electromagnetic field unifies electric and magnetic fields in the field tensor; E and B are frame-dependent components of one relativistic object.,"F, E, B","F_mu_nu, E, B, frame","Two disconnected electric and magnetic diagrams, source charges as the focus, Maxwell equations as the main graphic, or implying E and B are independent fields.",One F object gives rise to E and B component views.,The tensor F_mu_nu is the unified electromagnetic field; E and B are frame-dependent components of it.
7.7,Maxwell's equations,7,"Local equations linking sources, fields, and waves","Simplify the detailed diagram to a source four-current J feeding a field tensor F, with a small outgoing wavefront.","Design the detailed graphic as a local spacetime patch where charge-current J_mu feeds into a compact Maxwell operator acting on F_mu_nu, producing both nearby field lines and a propagating wavefront. Use a small partial symbol to show locality, but do not write the full equations. The composition should read source -> local field law -> propagation.",Maxwell's equations locally relate electromagnetic fields to charge-current sources and imply propagating electromagnetic waves.,"J, F","J_mu, partial, F_mu_nu, wave","Four separate textbook panels, full differential equations, only a static charge field, or a wave picture with no source/law relation.","A source J feeds a field F, with outgoing wave marks.",Maxwell equations locally relate source current to the electromagnetic field and allow propagating waves.
8.6,Lorenz gauge,8,Covariant divergence condition selecting a convenient potential,"Simplify the detailed diagram to A_mu arrows passing through a Lorenz gauge filter and emerging as one cleaner A_mu, with a small partial dot A = 0 tag.","Design the detailed graphic as a before/after potential-field panel: several gauge-equivalent A_mu patterns enter a covariant gauge selector labelled partial_mu A^mu = 0, and one clean representative exits. Keep a faint unchanged F_mu_nu tile behind both sides to show the physical electromagnetic field is not changed. The word Lorenz should be spelled distinctly from Lorentz.",The Lorenz gauge is a covariant condition on the vector potential that simplifies Maxwell's equations without changing the physical electromagnetic field.,A_mu,"A_mu, partial_mu A^mu = 0, F_mu_nu","Confusing Lorenz gauge with Lorentz transformations, changing F, or making the gauge condition look like a new force law.",Potential representatives pass through a Lorenz gauge selector.,The condition partial_mu A^mu = 0 selects a convenient potential representative while leaving F unchanged.
8.1,Gauge invariance,8,Equivalent potentials producing the same physical field,"Simplify the detailed diagram to two A_mu representatives connected by a Lambda gauge arrow, both pointing to the same F tile.","Design the detailed graphic as two potential representatives A_mu and A_mu + partial_mu Lambda on parallel lanes, joined by a gauge-transformation arrow labelled Lambda. Both representatives feed into one identical F_mu_nu tile, which is visually locked or highlighted as unchanged. The same-field endpoint is the teaching focus.",Gauge invariance is the freedom to change the vector potential by a gauge transformation without changing the physical electromagnetic field.,"A_mu, F","A_mu, Lambda, A_mu + dLambda, F_mu_nu","Changing F, making the gauge transformation look like a Lorentz coordinate transformation, or using only abstract symmetry arrows with no potential.",Two gauge-related potentials point to the same F.,A_mu and A_mu + partial_mu Lambda are different potential representatives that produce the same physical field tensor.
7.6,Four-current,7,Charge density and current density as one source four-vector,Simplify the detailed diagram to a J^mu badge split into rho on the time side and J on the space side.,"Design the detailed graphic as a spacetime source field: charge-density dots in a small volume and current arrows flowing through it, packaged into one four-vector badge J^mu with rho c as the time component and J as the spatial component. Add a small axis inset to show it is a relativistic source object.",The four-current combines charge density and current density into one relativistic source four-vector for electromagnetism.,"J^mu, rho, J","J^mu, rho c, J, x, ct","A plain electric source charge only, separate unrelated charge and current icons, fluid flow without relativistic packaging, or too much continuity-equation detail.",A J^mu badge combines charge density and current.,"Charge dots and current arrows are packaged as the four-current source J^mu, with density and flux components."
8.3,Minimal coupling,8,Free momentum replaced by gauge-covariant momentum,Simplify the detailed diagram to p entering a coupling node with A_mu and exiting as p - eA.,"Design the detailed graphic as a free charged-particle line with momentum p entering a region carrying vector-potential arrows A_mu. Through a coupling node labelled e, the outgoing canonical/kinetic combination is shown as p - eA or p_mu - e A_mu. Add a faint gauge-covariant path cue so the image reads interaction through the potential rather than an ordinary force push.",Minimal coupling introduces electromagnetic interaction by replacing ordinary momentum with a gauge-covariant combination involving the vector potential.,"p, A_mu, p-eA","p_mu, A_mu, e, p_mu - e A_mu","A generic force arrow, Maxwell equations, a long Lagrangian, or making A_mu look like a one-off external shove instead of a field-coupling rule.",Free momentum p enters an A-dependent coupling rule.,"Minimal coupling replaces ordinary momentum with p_mu - e A_mu, introducing electromagnetic interaction through the potential."
8.4,Lorentz force law,8,Field tensor and velocity changing particle momentum,"Simplify the detailed diagram to a charged particle path with velocity u, nearby F tile, and red momentum-change arrow dp.","Design the detailed graphic as a charged particle worldline with four-velocity u^mu passing through a local electromagnetic field tensor F_mu_nu. Draw an arrow from F and u into a red change in four-momentum dp^mu/dtau at the particle. If E/B hints are present, keep them secondary to the covariant F-u-to-dp structure.",The Lorentz force law gives the relativistic change of a charged particle's momentum due to the electromagnetic field tensor and its velocity.,"F, u, dp","q, F_mu_nu, u^mu, dp^mu/dtau","A Newtonian-only electric force picture, radiation reaction recoil, separate E and B diagrams as the main motif, or a force arrow disconnected from velocity.",A particle with velocity u in field F receives a momentum change dp.,"The force law combines charge, field tensor, and four-velocity to determine dp^mu/dtau."
8.5,Charge conservation,8,Local continuity of charge and current,"Simplify the detailed diagram to a small spacetime box with charge dots and current arrows crossing the boundary, labelled J.",Design the detailed graphic as a local spacetime volume containing charge density rho and boundary current arrows J. Show a before/after or inflow/outflow balance with a compact continuity tag partial_mu J^mu = 0. The lesson is local bookkeeping: changes inside are exactly accounted for by current through the boundary.,Charge conservation is local bookkeeping: charge cannot appear or vanish; changes in density are balanced by current flow.,J,"rho, J, partial_mu J^mu = 0","A global battery icon, isolated static charge, charge disappearing, or conservation shown only as a whole-universe total with no local flux.",Charge dots leave a local box only through current arrows.,The continuity equation says local charge changes are balanced by current flow through the boundary.
9.4,Energy density of EM field,9,Local energy stored in electric and magnetic fields,Simplify the detailed diagram to one glowing field cell containing E and B glyphs plus a gold energy-density fill labelled u.,"Design the detailed graphic as a small grid of local electromagnetic field cells, each containing blue E and green B cues and a gold fill level representing energy density u. Highlight one cell with a callout u_EM while neighbouring cells show different fill levels. Keep this about stored local density, not transport.",The electromagnetic field carries local energy density built from electric and magnetic field strengths.,"u, E, B","u_EM, E, B","A battery, particle kinetic energy, Poynting-flow arrows as the main cue, or stress-tensor face arrows.",A field cell stores energy density u in E and B.,Neighbouring cells with E/B glyphs indicate that electromagnetic energy density is local and spatially distributed.
9.2,Momentum density (Poynting vector),9,Energy-momentum flow from crossed E and B fields,Simplify the detailed diagram to crossed E and B arrows producing a bold gold S arrow.,"Design the detailed graphic as a local field region with E and B perpendicular glyphs at several points, each producing parallel Poynting arrows S in the propagation/flow direction. Add one compact cross-product cue E x B -> S if readable. The S arrows should clearly indicate energy-momentum flux, distinct from static energy density.",The Poynting vector represents the flow of electromagnetic energy and momentum carried by the field.,"E, B, S","E, B, S, E x B","Static energy-density cells, stress tensor grids, a generic wave with no E/B cross-product cue, or momentum flow detached from fields.",Crossed E and B arrows produce a Poynting vector S.,Repeated E-B-S motifs show electromagnetic energy-momentum flow density through the field region.
9.3,Stress-energy of EM field,9,"Electromagnetic density, flux, and stress in one tensor",Simplify the detailed diagram to a tensor block T_EM with E/B glyphs inside and arrows on its faces.,"Design the detailed graphic as an electromagnetic stress-energy tensor block T_EM with separate visual regions for energy density, Poynting flux, and stresses: gold fill inside, gold flow arrow through one face, and blue/green pressure or shear arrows on other faces. Include tiny E/B glyphs to identify the field source of the tensor.","The electromagnetic stress-energy tensor summarizes energy density, momentum flow, and mechanical stresses carried by the electromagnetic field.",T_EM,"T_EM, u, S, stress, E, B","Only an energy-density picture, only a Poynting vector, a full component matrix, or mechanical stress imagery with no electromagnetic origin.",A T_EM block combines field glyphs with face arrows.,"The tensor block summarizes energy density, Poynting flux, and electromagnetic stresses in one object."
9.1,Energy--momentum tensor,9,Local density and flux of energy-momentum,"Simplify the detailed diagram to a T^munu tensor tile with one density cell and one flux cell highlighted, plus boundary arrows.","Design the detailed graphic as a spacetime volume with a nearby T^munu tile whose rows/columns are hinted as energy-momentum components. Arrows crossing the volume boundary show fluxes, while a compact partial_mu T^munu = 0 tag states local conservation. Keep it generic, not specifically electromagnetic, so it can cover matter and fields.","The energy-momentum tensor packages energy density, momentum density, fluxes, and stresses; its divergence expresses local conservation.",T^munu,"T^munu, partial_mu T^munu = 0","A purely electromagnetic E/B icon, a dense 4x4 matrix, global-only conservation imagery, or hiding the local flux-through-boundary idea.",A T^munu tile highlights density and flux cells.,Boundary arrows and the divergence condition represent local conservation of energy and momentum.
10.2,Electromagnetic waves,10,Coupled E and B oscillations propagating at light speed,Simplify the detailed diagram to blue E and green B sinusoidal waves travelling together with a gold propagation arrow c.,"Design the detailed graphic as a propagating electromagnetic wave packet with mutually perpendicular E and B oscillations, wavefront marks, a direction arrow labelled c, and a smaller Poynting arrow S in the same propagation direction. Use phase alignment and colour to show the fields are coupled parts of one wave.",Electromagnetic waves are self-propagating coupled electric and magnetic field oscillations travelling at light speed.,"E, B, c","E, B, c, S","A single scalar wave, water-wave imagery, source charges as the focus, or waves where E and B appear unrelated.",Coupled E and B waves propagate in the c direction.,Wavefront marks and the S arrow show that electromagnetic waves carry energy-momentum at light speed.
10.1,Wave equation,10,Operator law producing propagating solutions,Simplify the detailed diagram to a box operator acting on A_mu and producing an outgoing sinusoidal wave.,"Design the detailed graphic as a compact differential-operator tile square/box acting on A_mu. Show two outputs: with source J_mu it links to a sourced disturbance, and in the source-free branch it produces a clean propagating wave. Keep the operator-to-solution relationship central and avoid writing a full PDE.","The wave equation describes how the potential or field propagates, with source terms producing waves and source-free regions supporting free propagation.","box, A_mu","box A_mu, J_mu, wave","A generic sine wave with no operator cue, Maxwell source law alone, dense differential notation, or a particle trajectory.",A wave operator acting on A produces a propagating wave.,"The source branch and free-wave branch express how the wave equation connects sources, potentials, and propagation."
10.3,Radiation reaction,10,Accelerating charge emits radiation and recoils,"Simplify the detailed diagram to an accelerating charge, outgoing wavefronts, and a small recoil arrow opposite emitted momentum.","Design the detailed graphic as a charged particle on a curved accelerated path, with outgoing electromagnetic wavefronts carrying a gold energy-momentum arrow away. Add a red recoil/back-reaction arrow on the charge and a slightly altered subsequent path. The viewer should see emission causes a self-effect, not just ordinary Lorentz-force deflection.",Radiation reaction is the back-reaction on an accelerating charge because emitted electromagnetic waves carry away energy and momentum.,"q, recoil","q, a, radiation, recoil","A stationary charge field, simple external Lorentz force, waves without recoil, or recoil with no emitted energy-momentum.",An accelerating charge emits waves and recoils.,"Radiated energy-momentum leaves in the wave, producing a back-reaction on the charge trajectory."
11.1,Lorentz invariance,11,Same physical law in every inertial frame,Simplify the detailed diagram to unprimed and primed frames feeding one unchanged law tile with a check mark.,"Design the detailed graphic as two inertial coordinate systems, black x/ct and blue tilted x'/ct', both pointing to the same compact law/equation tile. Add an invariant badge or unchanged-form ring around the tile. If an example event appears, place it generically away from 45 degrees and keep it secondary; the law's unchanged form is the subject.",Lorentz invariance means the laws or equations of physics keep the same form under Lorentz transformations.,"x, ct, x', ct', law","x, ct, x', ct', invariant law","A mere coordinate transformation with no unchanged law, gauge invariance imagery, a specific particle trajectory as the main object, or accidental 45-degree event placement.",Primed and unprimed frames feed the same law tile.,Lorentz invariance means the equation keeps its form under changes between inertial frames.
11.2,Gauge fixing,11,Choosing one representative from gauge-equivalent potentials,"Simplify the detailed diagram to several faint A_mu representatives passing through a selector into one bold chosen A_mu, with F unchanged in the background.","Design the detailed graphic as a bundle of gauge-equivalent potential representatives A_mu, A'_mu, and A''_mu that all correspond to the same faint F_mu_nu tile. A grey selector or gauge condition chooses one clean representative for calculation. The unchanged F tile should remain visible behind both sides so gauge fixing reads as choice of description, not change of physics.",Gauge fixing chooses one convenient representative among many gauge-equivalent vector potentials that describe the same electromagnetic field.,A_mu,"A_mu, F_mu_nu, gauge condition","Confusing gauge fixing with Lorenz gauge only, changing F, making it look like a dynamical force, or losing the many-equivalent-to-one-chosen structure.",Many gauge-equivalent potentials pass through a selector to one A.,Gauge fixing chooses one convenient potential representative while the physical field F remains unchanged.
